Application,ProcessID,SwapChainAddress,PresentRuntime,SyncInterval,PresentFlags,AllowsTearing,PresentMode,TimeInMs,MsBetweenSimulationStart,MsBetweenPresents,MsBetweenDisplayChange,MsInPresentAPI,MsRenderPresentLatency,MsUntilDisplayed,CPUStartTimeInMs,MsBetweenAppStart,MsCPUBusy,MsCPUWait,MsGPULatency,MsGPUTime,MsGPUBusy,MsGPUWait,MsAnimationError,AnimationTime,MsFlipDelay,MsAllInputToPhotonLatency,MsClickToPhotonLatency
<unknown>,6928,0x0,Other,-1,0,0,Hardware: Legacy Flip,62.2953,NA,27.71340000000000,26.66920000000000,0.00000000000000,0.06190000000000,10.7264,34.5819,27.7134,27.7134,0.0000,0.0434,27.7319,0.1719,27.5600,NA,34.5819,NA,NA,NA
<unknown>,6928,0x0,Other,-1,0,0,Hardware: Legacy Flip,100.6246,NA,38.32930000000000,39.97900000000000,0.00000000000000,0.03960000000000,12.3761,62.2953,38.3293,38.3293,0.0000,0.0619,38.3070,0.1761,38.1309,-12.2656,62.2953,NA,NA,NA
<unknown>,6928,0x0,Other,-1,0,0,Hardware: Legacy Flip,127.2512,NA,26.62660000000000,26.64610000000000,0.00000000000000,0.01740000000000,12.3956,100.6246,26.6266,26.6266,0.0000,0.0396,26.6044,0.1542,26.4502,11.6832,100.6246,NA,NA,NA
<unknown>,6928,0x0,Other,-1,0,0,Hardware: Legacy Flip,140.3441,NA,13.09290000000000,13.29400000000000,0.00000000000000,0.02370000000000,12.5967,127.2512,13.0929,13.0929,0.0000,0.0174,13.0992,0.1453,12.9539,13.3326,127.2512,NA,NA,NA
<unknown>,6928,0x0,Other,-1,0,0,Hardware: Legacy Flip,155.0129,NA,14.66880000000000,13.40620000000000,0.00000000000000,0.03970000000000,11.3341,140.3441,14.6688,14.6688,0.0000,0.0237,14.6848,0.1415,14.5433,-0.3133,140.3441,NA,NA,NA
<unknown>,6928,0x0,Other,-1,0,0,Hardware: Legacy Flip,180.7257,NA,25.71280000000000,26.60350000000000,0.00000000000000,0.04960000000000,12.2248,155.0129,25.7128,25.7128,0.0000,0.0397,25.7227,0.1461,25.5766,-11.9347,155.0129,NA,NA,NA
<unknown>,6928,0x0,Other,-1,0,0,Hardware: Legacy Flip,208.3718,NA,27.64610000000000,26.78180000000000,0.00000000000000,0.01230000000000,11.3605,180.7257,27.6461,27.6461,0.0000,0.0496,27.6088,0.1864,27.4224,-1.0690,180.7257,NA,NA,NA
Code.exe,32244,0x192F39360C0,DXGI,0,0,0,Composed: Flip,154.1414,NA,123.22920000000001,119.99450000000000,0.34520000000000,0.42700000000000,12.2056,31.2222,123.2644,122.9192,0.3452,123.0346,0.3116,0.3054,0.0062,NA,31.2222,NA,NA,NA
<unknown>,6928,0x0,Other,-1,0,0,Hardware: Legacy Flip,236.1052,NA,27.73340000000000,26.65930000000000,0.00000000000000,0.00990000000000,10.2864,208.3718,27.7334,27.7334,0.0000,0.0123,27.7310,0.1651,27.5659,0.9868,208.3718,NA,NA,NA
<unknown>,6928,0x0,Other,-1,0,0,Hardware: Legacy Flip,262.1442,NA,26.03900000000000,26.66720000000000,0.00000000000000,0.00880000000000,10.9146,236.1052,26.0390,26.0390,0.0000,0.0099,26.0379,0.1275,25.9104,1.0662,236.1052,NA,NA,NA
<unknown>,6928,0x0,Other,-1,0,0,Hardware: Legacy Flip,273.8674,NA,11.72320000000000,13.36770000000000,0.00000000000000,0.08090000000000,12.5591,262.1442,11.7232,11.7232,0.0000,0.0088,11.7953,0.1736,11.6217,12.6713,262.1442,NA,NA,NA
<unknown>,6928,0x0,Other,-1,0,0,Hardware: Legacy Flip,293.7381,NA,19.87070000000000,13.29940000000000,0.00000000000000,0.00960000000000,5.9878,273.8674,19.8707,19.8707,0.0000,0.0809,19.7994,0.1390,19.6604,-1.5762,273.8674,NA,NA,NA
<unknown>,6928,0x0,Other,-1,0,0,Hardware: Legacy Flip,327.4168,NA,33.67870000000000,40.05740000000000,0.00000000000000,0.02400000000000,12.3665,293.7381,33.6787,33.6787,0.0000,0.0096,33.6931,0.1417,33.5514,-20.1867,293.7381,NA,NA,NA
Code.exe,32244,0x192F39360C0,DXGI,0,0,0,Composed: Flip,260.6080,NA,106.46660000000000,106.71180000000001,0.43170000000000,1.04010000000000,12.4508,154.4866,106.5531,106.1214,0.4317,106.2920,0.8695,0.8639,0.0056,16.5526,154.4866,NA,NA,NA
<unknown>,6928,0x0,Other,-1,0,0,Hardware: Legacy Flip,367.9874,NA,40.57060000000000,39.97370000000000,0.00000000000000,0.03000000000000,11.7696,327.4168,40.5706,40.5706,0.0000,0.0240,40.5766,0.1738,40.4028,-6.2950,327.4168,NA,NA,NA
<unknown>,6928,0x0,Other,-1,0,0,Hardware: Legacy Flip,395.8884,NA,27.90100000000000,26.66830000000000,0.00000000000000,0.04160000000000,10.5369,367.9874,27.9010,27.9010,0.0000,0.0300,27.9126,0.1588,27.7538,13.9023,367.9874,NA,NA,NA
<unknown>,6928,0x0,Other,-1,0,0,Hardware: Legacy Flip,420.7214,NA,24.83300000000000,26.73430000000000,0.00000000000000,0.03080000000000,12.4382,395.8884,24.8330,24.8330,0.0000,0.0416,24.8222,0.1264,24.6958,1.1667,395.8884,NA,NA,NA
<unknown>,6928,0x0,Other,-1,0,0,Hardware: Legacy Flip,447.3151,NA,26.59370000000000,26.55170000000000,0.00000000000000,0.03300000000000,12.3962,420.7214,26.5937,26.5937,0.0000,0.0308,26.5959,0.1473,26.4486,-1.7187,420.7214,NA,NA,NA
<unknown>,6928,0x0,Other,-1,0,0,Hardware: Legacy Flip,476.4787,NA,29.16360000000000,26.70770000000000,0.00000000000000,0.03080000000000,9.9403,447.3151,29.1636,29.1636,0.0000,0.0330,29.1614,0.1483,29.0131,-0.1140,447.3151,NA,NA,NA
<unknown>,6928,0x0,Other,-1,0,0,Hardware: Legacy Flip,514.0031,NA,37.52440000000000,40.03610000000000,0.00000000000000,0.03040000000000,12.4520,476.4787,37.5244,37.5244,0.0000,0.0308,37.5240,0.1510,37.3730,-10.8725,476.4787,NA,NA,NA
<unknown>,6928,0x0,Other,-1,0,0,Hardware: Legacy Flip,527.8102,NA,13.80710000000000,13.41750000000000,0.00000000000000,0.03340000000000,12.0624,514.0031,13.8071,13.8071,0.0000,0.0304,13.8101,0.1466,13.6635,24.1069,514.0031,NA,NA,NA
<unknown>,6928,0x0,Other,-1,0,0,Hardware: Legacy Flip,541.6927,NA,13.88250000000000,13.26900000000000,0.00000000000000,0.03380000000000,11.4489,527.8102,13.8825,13.8825,0.0000,0.0334,13.8829,0.1294,13.7535,0.5381,527.8102,NA,NA,NA
<unknown>,6928,0x0,Other,-1,0,0,Hardware: Legacy Flip,580.8566,NA,39.16390000000001,40.05800000000000,0.00000000000000,0.02060000000000,12.3430,541.6927,39.1639,39.1639,0.0000,0.0338,39.1507,0.1349,39.0158,-26.1755,541.6927,NA,NA,NA
Code.exe,32244,0x192F39360C0,DXGI,0,0,0,Composed: Flip,385.0037,NA,124.39570000000001,133.36650000000000,0.37720000000000,0.35290000000000,21.4216,261.0397,124.3412,123.9640,0.3772,124.1351,0.1818,0.1675,0.0143,-26.8134,261.0397,NA,NA,NA
<unknown>,6928,0x0,Other,-1,0,0,Hardware: Legacy Flip,607.3935,NA,26.53690000000000,26.70320000000000,0.00000000000000,0.05160000000000,12.5093,580.8566,26.5369,26.5369,0.0000,0.0206,26.5679,0.1652,26.4027,12.4607,580.8566,NA,NA,NA
<unknown>,6928,0x0,Other,-1,0,0,Hardware: Legacy Flip,634.9635,NA,27.57000000000000,26.65560000000000,0.00000000000000,0.02670000000000,11.5949,607.3935,27.5700,27.5700,0.0000,0.0516,27.5451,0.1456,27.3995,-0.1187,607.3935,NA,NA,NA
Code.exe,32244,0x192F39360C0,DXGI,0,0,0,Composed: Flip,634.0081,NA,249.00440000000000,240.13310000000001,0.34180000000000,0.54810000000000,12.5503,385.3809,248.9690,248.6272,0.3418,248.7316,0.4437,0.4387,0.0050,-115.7919,385.3809,NA,NA,NA
<unknown>,6928,0x0,Other,-1,0,0,Hardware: Legacy Flip,647.6494,NA,12.68590000000000,13.21470000000000,0.00000000000000,0.01210000000000,12.1237,634.9635,12.6859,12.6859,0.0000,0.0267,12.6713,0.1933,12.4780,14.3553,634.9635,NA,NA,NA
<unknown>,6928,0x0,Other,-1,0,0,Hardware: Legacy Flip,659.8742,NA,12.22480000000000,13.48020000000000,0.00000000000000,0.18670000000000,13.3791,647.6494,12.2248,12.2248,0.0000,0.0121,12.3994,0.3228,12.0766,-0.7943,647.6494,NA,NA,NA
Code.exe,32244,0x192F39360C0,DXGI,0,0,0,Composed: Flip,647.0641,NA,13.05600000000000,26.69490000000000,0.37400000000000,0.28930000000000,26.1892,634.3499,13.0882,12.7142,0.3740,12.7807,0.2228,0.1562,0.0666,222.2741,634.3499,NA,NA,NA
<unknown>,6928,0x0,Other,-1,0,0,Hardware: Legacy Flip,674.1615,NA,14.28730000000000,13.33110000000000,0.00000000000000,0.04450000000000,12.4229,659.8742,14.2873,14.2873,0.0000,0.1867,14.1451,0.1443,14.0008,-1.1063,659.8742,NA,NA,NA
<unknown>,6928,0x0,Other,-1,0,0,Hardware: Legacy Flip,688.8562,NA,14.69470000000000,13.33500000000000,0.00000000000000,0.01840000000000,11.0632,674.1615,14.6947,14.6947,0.0000,0.0445,14.6686,0.1260,14.5426,0.9523,674.1615,NA,NA,NA
<unknown>,6928,0x0,Other,-1,0,0,Hardware: Legacy Flip,701.5168,NA,12.66060000000000,13.33930000000000,0.00000000000000,0.06580000000000,11.7419,688.8562,12.6606,12.6606,0.0000,0.0184,12.7080,0.1546,12.5534,1.3554,688.8562,NA,NA,NA
Code.exe,32244,0x192F39360C0,DXGI,0,0,0,Composed: Flip,688.0804,NA,41.01630000000000,26.66610000000000,0.24150000000000,0.37130000000000,11.8390,647.4381,40.8838,40.6423,0.2415,40.7073,0.3063,0.3017,0.0046,-13.5779,647.4381,NA,NA,NA
<unknown>,6928,0x0,Other,-1,0,0,Hardware: Legacy Flip,729.4919,NA,27.97510000000000,26.67200000000000,0.00000000000000,0.01220000000000,10.4388,701.5168,27.9751,27.9751,0.0000,0.0658,27.9215,0.1880,27.7335,-14.0114,701.5168,NA,NA,NA
Code.exe,32244,0x192F39360C0,DXGI,0,0,0,Composed: Flip,728.8544,NA,40.77400000000000,53.32160000000000,0.24870000000000,0.25030000000000,24.3866,688.3219,40.7812,40.5325,0.2487,40.6049,0.1779,0.1696,0.0083,-12.4378,688.3219,NA,NA,NA
<unknown>,6928,0x0,Other,-1,0,0,Hardware: Legacy Flip,736.6068,NA,7.11490000000000,13.31030000000000,0.00000000000000,0.12950000000000,16.6342,729.4919,7.1149,7.1149,0.0000,0.0122,7.2322,0.2829,6.9493,14.6648,729.4919,NA,NA,NA
<unknown>,6928,0x0,Other,-1,0,0,Hardware: Legacy Flip,750.3281,NA,13.72130000000000,13.34690000000000,0.00000000000000,0.20100000000000,16.2598,736.6068,13.7213,13.7213,0.0000,0.1295,13.7928,0.3903,13.4025,-6.2320,736.6068,NA,NA,NA
Code.exe,32244,0x192F39360C0,DXGI,0,0,0,Composed: Flip,741.6381,NA,12.78370000000000,13.34690000000000,0.25650000000000,0.36330000000000,24.9498,729.1031,12.7915,12.5350,0.2565,12.6040,0.2943,0.2889,0.0054,27.4343,729.1031,NA,NA,NA
<unknown>,6928,0x0,Other,-1,0,0,Hardware: Legacy Flip,767.5710,NA,17.24290000000000,13.32500000000000,0.00000000000000,0.03760000000000,12.3419,750.3281,17.2429,17.2429,0.0000,0.2010,17.0795,0.1347,16.9448,0.3963,750.3281,NA,NA,NA
<unknown>,6928,0x0,Other,-1,0,0,Hardware: Legacy Flip,777.9309,NA,10.35990000000000,13.30750000000000,0.00000000000000,0.16090000000000,15.2895,767.5710,10.3599,10.3599,0.0000,0.0376,10.4832,0.2850,10.1982,3.9354,767.5710,NA,NA,NA
<unknown>,6928,0x0,Other,-1,0,0,Hardware: Legacy Flip,794.1414,NA,16.21050000000000,13.38530000000000,0.00000000000000,0.02870000000000,12.4643,777.9309,16.2105,16.2105,0.0000,0.1609,16.0783,0.1343,15.9440,-3.0254,777.9309,NA,NA,NA
Code.exe,32244,0x192F39360C0,DXGI,0,0,0,Composed: Flip,768.3546,NA,26.71650000000000,26.63250000000000,0.24040000000000,0.24440000000000,24.8658,741.8946,26.7004,26.4600,0.2404,26.5298,0.1746,0.1573,0.0173,-13.8410,741.8946,NA,NA,NA
<unknown>,6928,0x0,Other,-1,0,0,Hardware: Legacy Flip,820.2809,NA,26.13950000000000,26.73940000000000,0.00000000000000,0.03480000000000,13.0642,794.1414,26.1395,26.1395,0.0000,0.0287,26.1456,0.1543,25.9913,-10.5289,794.1414,NA,NA,NA
<unknown>,6928,0x0,Other,-1,0,0,Hardware: Legacy Flip,833.6981,NA,13.41720000000000,13.25620000000000,0.00000000000000,0.17130000000000,12.9032,820.2809,13.4172,13.4172,0.0000,0.0348,13.5537,0.2869,13.2668,12.8833,820.2809,NA,NA,NA
Code.exe,32244,0x192F39360C0,DXGI,0,0,0,Composed: Flip,821.8636,NA,53.50900000000000,53.38090000000000,0.23070000000000,0.22340000000000,24.7377,768.5950,53.4993,53.2686,0.2307,53.3428,0.1492,0.1450,0.0042,-26.6805,768.5950,NA,NA,NA
<unknown>,6928,0x0,Other,-1,0,0,Hardware: Legacy Flip,861.3760,NA,27.67790000000000,26.70910000000000,0.00000000000000,0.02930000000000,11.9344,833.6981,27.6779,27.6779,0.0000,0.1713,27.5359,0.1351,27.4008,-13.2919,833.6981,NA,NA,NA
<unknown>,6928,0x0,Other,-1,0,0,Hardware: Legacy Flip,875.1285,NA,13.75250000000000,13.31780000000000,0.00000000000000,0.16780000000000,11.4997,861.3760,13.7525,13.7525,0.0000,0.0293,13.8910,0.2778,13.6132,14.3601,861.3760,NA,NA,NA
Code.exe,32244,0x192F39360C0,DXGI,0,0,0,Composed: Flip,861.8282,NA,39.96460000000000,40.02690000000000,0.26470000000000,0.25890000000000,24.8000,822.0943,39.9986,39.7339,0.2647,39.8131,0.1797,0.1585,0.0212,13.4724,822.0943,NA,NA,NA
<unknown>,6928,0x0,Other,-1,0,0,Hardware: Legacy Flip,889.0932,NA,13.96470000000000,13.34470000000000,0.00000000000000,0.04330000000000,10.8797,875.1285,13.9647,13.9647,0.0000,0.1678,13.8402,0.1446,13.6956,0.4078,875.1285,NA,NA,NA
<unknown>,6928,0x0,Other,-1,0,0,Hardware: Legacy Flip,902.8953,NA,13.80210000000000,13.28420000000000,0.00000000000000,0.02870000000000,10.3618,889.0932,13.8021,13.8021,0.0000,0.0433,13.7875,0.1333,13.6542,0.6805,889.0932,NA,NA,NA
<unknown>,6928,0x0,Other,-1,0,0,Hardware: Legacy Flip,917.2815,NA,14.38620000000000,13.32490000000000,0.00000000000000,0.13170000000000,9.3005,902.8953,14.3862,14.3862,0.0000,0.0287,14.4892,0.3315,14.1577,0.4772,902.8953,NA,NA,NA
Code.exe,32244,0x192F39360C0,DXGI,0,0,0,Composed: Flip,901.4339,NA,39.60570000000000,26.62890000000000,0.25690000000000,0.36100000000000,11.8232,862.0929,39.5979,39.3410,0.2569,39.4168,0.2852,0.2806,0.0046,13.3697,862.0929,NA,NA,NA
<unknown>,6928,0x0,Other,-1,0,0,Hardware: Legacy Flip,954.1682,NA,36.88670000000000,40.05020000000000,0.00000000000000,0.02600000000000,12.4640,917.2815,36.8867,36.8867,0.0000,0.1317,36.7810,0.1107,36.6703,-25.6640,917.2815,NA,NA,NA
<unknown>,6928,0x0,Other,-1,0,0,Hardware: Legacy Flip,965.5377,NA,11.36950000000000,13.34310000000000,0.00000000000000,0.17430000000000,14.4376,954.1682,11.3695,11.3695,0.0000,0.0260,11.5178,0.2858,11.2320,23.5436,954.1682,NA,NA,NA
Code.exe,32244,0x192F39360C0,DXGI,0,0,0,Composed: Flip,954.6153,NA,53.18140000000000,66.71820000000001,0.24250000000000,0.23120000000000,25.3600,901.6908,53.1670,52.9245,0.2425,52.9955,0.1602,0.1504,0.0098,-27.1203,901.6908,NA,NA,NA
<unknown>,6928,0x0,Other,-1,0,0,Hardware: Legacy Flip,979.4671,NA,13.92940000000000,13.28930000000000,0.00000000000000,0.20690000000000,13.7975,965.5377,13.9294,13.9294,0.0000,0.1743,13.9620,0.3178,13.6442,-1.9198,965.5377,NA,NA,NA
Code.exe,32244,0x192F39360C0,DXGI,0,0,0,Composed: Flip,981.5439,NA,26.92860000000000,26.69730000000000,0.24450000000000,0.23560000000000,25.1287,954.8578,26.9306,26.6861,0.2445,26.7505,0.1712,0.1613,0.0099,26.4697,954.8578,NA,NA,NA
<unknown>,6928,0x0,Other,-1,0,0,Hardware: Legacy Flip,993.6335,NA,14.16640000000000,13.40800000000000,0.00000000000000,0.19540000000000,13.0391,979.4671,14.1664,14.1664,0.0000,0.2069,14.1549,0.3156,13.8393,0.5214,979.4671,NA,NA,NA
<unknown>,6928,0x0,Other,-1,0,0,Hardware: Legacy Flip,1007.2289,NA,13.59540000000000,13.35170000000000,0.00000000000000,0.10950000000000,12.7954,993.6335,13.5954,13.5954,0.0000,0.1954,13.5095,0.2292,13.2803,0.8147,993.6335,NA,NA,NA
<unknown>,6928,0x0,Other,-1,0,0,Hardware: Legacy Flip,1021.0900,NA,13.86110000000000,13.20470000000000,0.00000000000000,0.22820000000000,12.1390,1007.2289,13.8611,13.8611,0.0000,0.1095,13.9798,0.3097,13.6701,0.3907,1007.2289,NA,NA,NA
Code.exe,32244,0x192F39360C0,DXGI,0,0,0,Composed: Flip,994.5321,NA,12.98820000000000,13.35170000000000,0.25290000000000,0.25830000000000,25.4922,981.7884,12.9966,12.7437,0.2529,12.8230,0.1790,0.1653,0.0137,13.5789,981.7884,NA,NA,NA
<unknown>,6928,0x0,Other,-1,0,0,Hardware: Legacy Flip,1049.0735,NA,27.98350000000000,26.78940000000000,0.00000000000000,0.01240000000000,10.9449,1021.0900,27.9835,27.9835,0.0000,0.2282,27.7677,0.1915,27.5762,-12.9283,1021.0900,NA,NA,NA
<unknown>,6928,0x0,Other,-1,0,0,Hardware: Legacy Flip,1063.0687,NA,13.99520000000000,13.21620000000000,0.00000000000000,0.13630000000000,10.1659,1049.0735,13.9952,13.9952,0.0000,0.0124,14.1191,0.2725,13.8466,14.7673,1049.0735,NA,NA,NA
Code.exe,32244,0x192F39360C0,DXGI,0,0,0,Composed: Flip,1048.3040,NA,53.77190000000000,53.21030000000000,0.23670000000000,0.24840000000000,24.9306,994.7850,53.7557,53.5190,0.2367,53.5945,0.1729,0.1676,0.0053,-40.2137,994.7850,NA,NA,NA
<unknown>,6928,0x0,Other,-1,0,0,Hardware: Legacy Flip,1074.0695,NA,11.00080000000000,13.46700000000000,0.00000000000000,0.02330000000000,12.6321,1063.0687,11.0008,11.0008,0.0000,0.1363,10.8878,0.1258,10.7620,0.5282,1063.0687,NA,NA,NA
<unknown>,6928,0x0,Other,-1,0,0,Hardware: Legacy Flip,1088.7446,NA,14.67510000000000,13.35340000000000,0.00000000000000,0.02370000000000,11.3104,1074.0695,14.6751,14.6751,0.0000,0.0233,14.6755,0.1203,14.5552,-2.3526,1074.0695,NA,NA,NA
Code.exe,32244,0x192F39360C0,DXGI,0,0,0,Composed: Flip,1087.9628,NA,39.65880000000000,26.82040000000000,0.27270000000000,0.38170000000000,12.0922,1048.5407,39.6948,39.4221,0.2727,39.5011,0.3027,0.2975,0.0052,26.9353,1048.5407,NA,NA,NA
<unknown>,6928,0x0,Other,-1,0,0,Hardware: Legacy Flip,1100.9779,NA,12.23330000000000,13.32970000000000,0.00000000000000,0.03120000000000,12.4068,1088.7446,12.2333,12.2333,0.0000,0.0237,12.2408,0.1673,12.0735,1.3454,1088.7446,NA,NA,NA
Code.exe,32244,0x192F39360C0,DXGI,0,0,0,Composed: Flip,1115.2227,NA,27.25990000000000,26.64480000000000,0.26710000000000,0.79310000000000,11.4771,1088.2355,27.2543,26.9872,0.2671,27.0629,0.7174,0.7114,0.0060,13.0500,1088.2355,NA,NA,NA
<unknown>,6928,0x0,Other,-1,0,0,Hardware: Legacy Flip,1116.4290,NA,15.45110000000000,13.31510000000000,0.00000000000000,0.02980000000000,10.2708,1100.9779,15.4511,15.4511,0.0000,0.0312,15.4497,0.1310,15.3187,-1.0818,1100.9779,NA,NA,NA
<unknown>,6928,0x0,Other,-1,0,0,Hardware: Legacy Flip,1129.2579,NA,12.82890000000000,13.32720000000000,0.00000000000000,0.02050000000000,10.7691,1116.4290,12.8289,12.8289,0.0000,0.0298,12.8196,0.1401,12.6795,2.1239,1116.4290,NA,NA,NA
<unknown>,6928,0x0,Other,-1,0,0,Hardware: Legacy Flip,1140.9227,NA,11.66480000000000,13.35090000000000,0.00000000000000,0.02430000000000,12.4552,1129.2579,11.6648,11.6648,0.0000,0.0205,11.6686,0.1206,11.5480,-0.5220,1129.2579,NA,NA,NA
Code.exe,32244,0x192F39360C0,DXGI,0,0,0,Composed: Flip,1128.5330,NA,13.31030000000000,13.32720000000000,0.28620000000000,0.30820000000000,11.4940,1115.4898,13.3294,13.0432,0.2862,13.1072,0.2442,0.2391,0.0051,13.9271,1115.4898,NA,NA,NA
<unknown>,6928,0x0,Other,-1,0,0,Hardware: Legacy Flip,1167.8501,NA,26.92740000000000,26.70730000000000,0.00000000000000,0.01970000000000,12.2351,1140.9227,26.9274,26.9274,0.0000,0.0243,26.9228,0.1168,26.8060,-15.0425,1140.9227,NA,NA,NA
<unknown>,6928,0x0,Other,-1,0,0,Hardware: Legacy Flip,1181.0417,NA,13.19160000000000,13.33240000000000,0.00000000000000,0.15950000000000,12.3759,1167.8501,13.1916,13.1916,0.0000,0.0197,13.3314,0.2776,13.0538,13.5950,1167.8501,NA,NA,NA
<unknown>,6928,0x0,Other,-1,0,0,Hardware: Legacy Flip,1194.7078,NA,13.66610000000000,13.24360000000000,0.00000000000000,0.04090000000000,11.9534,1181.0417,13.6661,13.6661,0.0000,0.1595,13.5475,0.1425,13.4050,-0.0520,1181.0417,NA,NA,NA
<unknown>,6928,0x0,Other,-1,0,0,Hardware: Legacy Flip,1236.4059,NA,41.69810000000000,39.99940000000000,0.00000000000000,0.09630000000000,10.2547,1194.7078,41.6981,41.6981,0.0000,0.0409,41.7535,0.2278,41.5257,-26.3333,1194.7078,NA,NA,NA
<unknown>,6928,0x0,Other,-1,0,0,Hardware: Legacy Flip,1261.0986,NA,24.69270000000000,26.73990000000000,0.00000000000000,0.02520000000000,12.3019,1236.4059,24.6927,24.6927,0.0000,0.0963,24.6216,0.1602,24.4614,14.9582,1236.4059,NA,NA,NA
<unknown>,6928,0x0,Other,-1,0,0,Hardware: Legacy Flip,1287.6998,NA,26.60120000000000,26.64880000000000,0.00000000000000,0.00740000000000,12.3495,1261.0986,26.6012,26.6012,0.0000,0.0252,26.5834,0.1669,26.4165,-1.9561,1261.0986,NA,NA,NA
<unknown>,6928,0x0,Other,-1,0,0,Hardware: Legacy Flip,1314.2932,NA,26.59340000000000,26.71980000000000,0.00000000000000,0.02820000000000,12.4759,1287.6998,26.5934,26.5934,0.0000,0.0074,26.6142,0.1383,26.4759,-0.1186,1287.6998,NA,NA,NA
Code.exe,32244,0x192F39360C0,DXGI,0,0,0,Composed: Flip,1168.3638,NA,39.83080000000000,53.39060000000000,0.25430000000000,0.25150000000000,25.0538,1128.8192,39.7989,39.5446,0.2543,39.6203,0.1758,0.1534,0.0224,-40.0612,1128.8192,NA,NA,NA
<unknown>,6928,0x0,Other,-1,0,0,Hardware: Legacy Flip,1354.4665,NA,40.17330000000000,40.04400000000000,0.00000000000000,0.05180000000000,12.3466,1314.2932,40.1733,40.1733,0.0000,0.0282,40.1969,0.1805,40.0164,-13.4506,1314.2932,NA,NA,NA
<unknown>,6928,0x0,Other,-1,0,0,Hardware: Legacy Flip,1368.4693,NA,14.00280000000000,13.30560000000000,0.00000000000000,0.16190000000000,11.6494,1354.4665,14.0028,14.0028,0.0000,0.0518,14.1129,0.2942,13.8187,26.8677,1354.4665,NA,NA,NA
<unknown>,6928,0x0,Other,-1,0,0,Hardware: Legacy Flip,1382.3734,NA,13.90410000000000,13.34000000000000,0.00000000000000,0.03110000000000,11.0853,1368.4693,13.9041,13.9041,0.0000,0.1619,13.7733,0.1374,13.6359,0.6628,1368.4693,NA,NA,NA
<unknown>,6928,0x0,Other,-1,0,0,Hardware: Legacy Flip,1407.6809,NA,25.30750000000000,26.67810000000000,0.00000000000000,0.03280000000000,12.4559,1382.3734,25.3075,25.3075,0.0000,0.0311,25.3092,0.1280,25.1812,-12.7740,1382.3734,NA,NA,NA
<unknown>,6928,0x0,Other,-1,0,0,Hardware: Legacy Flip,1447.6815,NA,40.00060000000000,40.00280000000000,0.00000000000000,0.02530000000000,12.4581,1407.6809,40.0006,40.0006,0.0000,0.0328,39.9931,0.1446,39.8485,-14.6953,1407.6809,NA,NA,NA
Code.exe,32244,0x192F39360C0,DXGI,0,0,0,Composed: Flip,1356.2408,NA,187.87700000000001,186.70110000000000,0.35690000000000,0.33440000000000,23.8779,1168.6181,187.9796,187.6227,0.3569,187.7318,0.2253,0.2180,0.0073,-146.9022,1168.6181,NA,NA,NA
<unknown>,6928,0x0,Other,-1,0,0,Hardware: Legacy Flip,1474.3299,NA,26.64840000000000,26.68020000000000,0.00000000000000,0.02410000000000,12.4899,1447.6815,26.6484,26.6484,0.0000,0.0253,26.6472,0.1500,26.4972,13.3204,1447.6815,NA,NA,NA
<unknown>,6928,0x0,Other,-1,0,0,Hardware: Legacy Flip,1486.9302,NA,12.60030000000000,13.44990000000000,0.00000000000000,0.08310000000000,13.3395,1474.3299,12.6003,12.6003,0.0000,0.0241,12.6593,0.3284,12.3309,13.1985,1474.3299,NA,NA,NA
<unknown>,6928,0x0,Other,-1,0,0,Hardware: Legacy Flip,1501.4133,NA,14.48310000000000,13.23780000000000,0.00000000000000,0.12970000000000,12.0942,1486.9302,14.4831,14.4831,0.0000,0.0831,14.5297,0.3063,14.2234,-0.6375,1486.9302,NA,NA,NA
<unknown>,6928,0x0,Other,-1,0,0,Hardware: Legacy Flip,1528.1928,NA,26.77950000000000,26.66940000000000,0.00000000000000,0.04130000000000,11.9841,1501.4133,26.7795,26.7795,0.0000,0.1297,26.6911,0.1211,26.5700,-12.1863,1501.4133,NA,NA,NA
<unknown>,6928,0x0,Other,-1,0,0,Hardware: Legacy Flip,1555.9784,NA,27.78560000000000,26.69730000000000,0.00000000000000,0.03830000000000,10.8958,1528.1928,27.7856,27.7856,0.0000,0.0413,27.7826,0.1570,27.6256,0.0822,1528.1928,NA,NA,NA
Code.exe,32244,0x192F39360C0,DXGI,0,0,0,Composed: Flip,1476.2066,NA,119.96580000000000,120.15100000000001,0.27520000000000,0.31520000000000,24.0631,1356.5977,119.8841,119.6089,0.2752,119.6900,0.2341,0.2172,0.0169,67.8286,1356.5977,NA,NA,NA
<unknown>,6928,0x0,Other,-1,0,0,Hardware: Legacy Flip,1581.0468,NA,25.06840000000000,26.64430000000000,0.00000000000000,0.02590000000000,12.4717,1555.9784,25.0684,25.0684,0.0000,0.0383,25.0560,0.1618,24.8942,1.1413,1555.9784,NA,NA,NA
<unknown>,6928,0x0,Other,-1,0,0,Hardware: Legacy Flip,1596.5159,NA,15.46910000000000,13.26870000000000,0.00000000000000,0.00820000000000,10.2713,1581.0468,15.4691,15.4691,0.0000,0.0259,15.4514,0.1727,15.2787,11.7997,1581.0468,NA,NA,NA
<unknown>,6928,0x0,Other,-1,0,0,Hardware: Legacy Flip,1607.7491,NA,11.23320000000000,13.44110000000000,0.00000000000000,0.00670000000000,12.4792,1596.5159,11.2332,11.2332,0.0000,0.0082,11.2317,0.1246,11.1071,2.0280,1596.5159,NA,NA,NA
<unknown>,6928,0x0,Other,-1,0,0,Hardware: Legacy Flip,1634.3589,NA,26.60980000000000,26.66370000000000,0.00000000000000,0.04260000000000,12.5331,1607.7491,26.6098,26.6098,0.0000,0.0067,26.6457,0.1626,26.4831,-15.4305,1607.7491,NA,NA,NA
<unknown>,6928,0x0,Other,-1,0,0,Hardware: Legacy Flip,1661.1312,NA,26.77230000000000,26.66990000000000,0.00000000000000,0.03090000000000,12.4307,1634.3589,26.7723,26.7723,0.0000,0.0426,26.7606,0.1657,26.5949,-0.0601,1634.3589,NA,NA,NA
<unknown>,6928,0x0,Other,-1,0,0,Hardware: Legacy Flip,1687.9625,NA,26.83130000000000,26.67830000000000,0.00000000000000,0.01930000000000,12.2777,1661.1312,26.8313,26.8313,0.0000,0.0309,26.8197,0.1480,26.6717,0.0940,1661.1312,NA,NA,NA
Code.exe,32244,0x192F39360C0,DXGI,0,0,0,Composed: Flip,1595.2343,NA,119.02770000000001,106.51750000000000,0.27620000000000,0.82800000000000,11.5529,1476.4818,119.0287,118.7525,0.2762,118.8262,0.7543,0.7486,0.0057,13.3666,1476.4818,NA,NA,NA
<unknown>,6928,0x0,Other,-1,0,0,Hardware: Legacy Flip,1715.7640,NA,27.80150000000000,26.62090000000000,0.00000000000000,0.02780000000000,11.0971,1687.9625,27.8015,27.8015,0.0000,0.0193,27.8100,0.1521,27.6579,0.2104,1687.9625,NA,NA,NA
<unknown>,6928,0x0,Other,-1,0,0,Hardware: Legacy Flip,1729.7568,NA,13.99280000000000,13.32590000000000,0.00000000000000,0.17270000000000,10.4302,1715.7640,13.9928,13.9928,0.0000,0.0278,14.1377,0.2888,13.8489,14.4756,1715.7640,NA,NA,NA
<unknown>,6928,0x0,Other,-1,0,0,Hardware: Legacy Flip,1754.4565,NA,24.69970000000000,26.72660000000000,0.00000000000000,0.03540000000000,12.4571,1729.7568,24.6997,24.6997,0.0000,0.1727,24.5624,0.1450,24.4174,-12.7338,1729.7568,NA,NA,NA
<unknown>,6928,0x0,Other,-1,0,0,Hardware: Legacy Flip,1781.1380,NA,26.68150000000000,26.67130000000000,0.00000000000000,0.03260000000000,12.4469,1754.4565,26.6815,26.6815,0.0000,0.0354,26.6787,0.1640,26.5147,-1.9716,1754.4565,NA,NA,NA
<unknown>,6928,0x0,Other,-1,0,0,Hardware: Legacy Flip,1807.7681,NA,26.63010000000000,26.70570000000000,0.00000000000000,0.02390000000000,12.5225,1781.1380,26.6301,26.6301,0.0000,0.0326,26.6214,0.1448,26.4766,-0.0242,1781.1380,NA,NA,NA
Code.exe,32244,0x192F39360C0,DXGI,0,0,0,Composed: Flip,1716.0370,NA,120.80270000000000,133.39980000000000,0.25290000000000,0.22400000000000,24.1500,1595.5105,120.7794,120.5265,0.2529,120.5887,0.1618,0.1480,0.0138,-14.3711,1595.5105,NA,NA,NA
<unknown>,6928,0x0,Other,-1,0,0,Hardware: Legacy Flip,1834.5321,NA,26.76400000000000,26.68440000000000,0.00000000000000,0.02920000000000,12.4429,1807.7681,26.7640,26.7640,0.0000,0.0239,26.7693,0.1617,26.6076,-0.0543,1807.7681,NA,NA,NA
<unknown>,6928,0x0,Other,-1,0,0,Hardware: Legacy Flip,1847.8494,NA,13.31730000000000,13.20680000000000,0.00000000000000,0.16140000000000,12.3324,1834.5321,13.3173,13.3173,0.0000,0.0292,13.4495,0.2791,13.1704,13.5572,1834.5321,NA,NA,NA
<unknown>,6928,0x0,Other,-1,0,0,Hardware: Legacy Flip,1861.7732,NA,13.92380000000000,13.44330000000000,0.00000000000000,0.04840000000000,11.8519,1847.8494,13.9238,13.9238,0.0000,0.1614,13.8108,0.1639,13.6469,-0.1260,1847.8494,NA,NA,NA
<unknown>,6928,0x0,Other,-1,0,0,Hardware: Legacy Flip,1889.6886,NA,27.91540000000000,26.67880000000000,0.00000000000000,0.01230000000000,10.6153,1861.7732,27.9154,27.9154,0.0000,0.0484,27.8793,0.1929,27.6864,-12.7550,1861.7732,NA,NA,NA
<unknown>,6928,0x0,Other,-1,0,0,Hardware: Legacy Flip,1927.8673,NA,38.17870000000000,40.04270000000000,0.00000000000000,0.03150000000000,12.4793,1889.6886,38.1787,38.1787,0.0000,0.0123,38.1979,0.1277,38.0702,-12.1273,1889.6886,NA,NA,NA
